Maximum_Temp,Minimum_Temp,Wind_Speed,weather
12.8,5,4.7,drizzle
10.6,2.8,4.5,rain
11.7,7.2,2.3,rain
12.2,5.6,4.7,rain
8.9,5.5,6.1,rain
4.4,2.2,2.2,rain
7.2,2.8,2.3,rain
10,2.8,2,sun
9.4,5,3.4,rain
6.1,0.6,3.4,rain
6.1,-1.1,5.1,sun
6.1,-1.7,1.9,sun
5,-2.8,1.3,sun
4.4,0.6,5.3,snow
1.1,-3.3,3.2,snow
1.7,-2.8,5,snow
3.3,0,5.6,snow
0,-2.8,5,snow
-1.1,-2.8,1.6,snow
7.2,-1.1,2.3,snow
8.3,3.3,8.2,rain
6.7,2.2,4.8,rain
8.3,1.1,3.6,rain
10,2.2,5.1,rain
8.9,4.4,5.4,rain
8.9,1.1,4.8,rain
6.7,-2.2,1.4,drizzle
6.7,0.6,2.2,rain
9.4,3.9,4.5,rain
8.3,6.1,5.1,rain
9.4,6.1,3.9,rain
8.9,3.3,2.7,rain
8.3,1.7,2.6,sun
14.4,2.2,5.3,sun
15.6,5,4.3,sun
13.9,1.7,2.9,sun
16.1,1.7,5,sun
15.6,7.8,5.3,rain
10,5,2.7,rain
11.1,7.8,2.4,rain
12.8,6.7,3,rain
8.9,5.6,3.4,rain
8.3,5,1.3,rain
7.2,4.4,1.4,rain
6.7,1.1,3.1,rain
7.2,0.6,1.8,drizzle
7.2,3.3,2.1,rain
10,4.4,3.4,rain
6.7,3.9,8.1,rain
6.7,2.2,4.7,sun
7.8,1.7,2.9,rain
10,7.8,7.5,rain
10,2.8,5.9,rain
8.3,2.8,3.9,sun
6.7,4.4,3.5,rain
7.2,2.8,6.4,rain
5,-1.1,3.4,snow
6.7,-2.2,3,sun
6.7,-0.6,4.2,snow
5,1.1,7,snow
6.1,1.1,3.1,sun
6.7,3.9,5.1,rain
12.2,6.7,7,sun
10.6,6.7,5.6,rain
7.8,1.1,6.2,rain
6.7,0,2.7,snow
8.9,-1.7,2.7,sun
15.6,0.6,2.5,sun
9.4,5,2.8,rain
7.2,6.1,3.4,rain
6.7,2.8,5.8,rain
8.3,0.6,6.2,snow
5.6,0.6,5.3,snow
7.8,1.1,4.7,rain
11.1,5.6,5.8,snow
8.9,3.9,5.1,rain
10,0.6,3.8,snow
5,-0.6,2.7,rain
7.2,-1.1,3,rain
7.8,2.2,6.4,rain
8.9,1.1,2.5,rain
10,1.7,2.1,rain
12.2,0.6,2.8,sun
15,3.3,5.2,sun
13.3,2.2,2.7,rain
12.8,6.1,4.3,drizzle
14.4,6.7,3.8,rain
10.6,7.2,5.9,rain
10,6.1,4.4,rain
9.4,5,4.7,rain
10,2.8,3.4,rain
8.9,4.4,6.8,rain
16.7,4.4,3.1,sun
11.7,3.3,3.1,rain
10.6,2.8,2.1,sun
9.4,2.8,1.8,snow
11.1,3.3,2.6,rain
16.1,1.7,4.3,sun
21.1,7.2,4.1,sun
20,6.1,2.1,sun
17.8,8.9,3.2,rain
11.1,7.2,2.6,rain
13.9,5.6,2.6,rain
15,3.9,4,drizzle
15.6,3.3,3,sun
16.1,7.2,2.9,rain
13.3,6.7,5.8,rain
10,4.4,2,rain
13.3,7.2,3.9,rain
13.9,5,2.6,rain
13.3,6.7,2.7,rain
20,4.4,2.3,sun
23.3,8.3,2.6,rain
21.7,8.9,3.5,sun
13.9,10,2.8,rain
16.7,8.9,2.6,rain
13.9,6.7,5.2,rain
13.3,6.1,4.8,rain
16.1,8.3,2.5,drizzle
15.6,8.9,1.6,rain
12.8,7.2,8,rain
11.7,6.1,6.4,rain
13.3,5.6,2.5,rain
11.1,7.2,3.4,rain
12.2,6.1,4.6,rain
13.3,5,2.3,sun
17.8,5,2.4,sun
23.9,6.1,2.2,sun
18.3,9.4,3,sun
13.3,6.7,3.9,rain
14.4,3.9,3,sun
18.3,4.4,4.3,sun
24.4,6.7,3.4,sun
25.6,9.4,4.2,sun
26.7,12.8,3.8,sun
24.4,9.4,4.1,drizzle
19.4,9.4,3.5,sun
17.8,6.7,2.9,rain
15.6,7.8,3.1,rain
19.4,7.2,1.5,sun
14.4,11.7,1.3,rain
16.7,10,4,rain
12.8,8.9,4.8,rain
14.4,8.9,6.3,rain
17.2,8.9,3.3,rain
22.2,8.9,3.1,rain
22.2,8.9,3.6,sun
17.2,11.7,3.7,sun
16.7,10,3.4,rain
16.1,7.8,1.8,sun
18.9,11.1,1.5,rain
17.8,12.2,2.7,rain
20,12.8,3.7,rain
18.9,10.6,3.7,rain
17.2,9.4,2.9,sun
12.8,8.9,3.1,rain
13.3,8.3,3.3,rain
16.1,6.1,3.4,sun
16.1,8.9,3.5,rain
15,8.3,3,rain
17.2,8.3,4.7,rain
18.9,10,2.9,sun
23.3,10,1.8,rain
18.3,12.8,3.9,rain
16.1,11.1,4.3,sun
17.2,10,2.7,sun
22.2,9.4,1.7,sun
21.1,15,4.1,rain
18.9,11.7,6.4,sun
17.2,10,3.8,rain
19.4,10,3,rain
24.4,10,3,sun
23.9,11.7,2.1,sun
13.9,11.7,1.9,rain
15.6,9.4,2.5,rain
19.4,9.4,2,drizzle
19.4,11.1,3.1,rain
18.3,10.6,3.4,rain
22.8,8.9,1.8,sun
22.2,11.7,2.5,rain
21.7,15,1.9,rain
20,13.3,2.4,rain
20,12.2,2.3,rain
18.9,11.7,2.1,rain
18.3,10.6,6,rain
20.6,9.4,3.8,sun
24.4,10.6,3.1,drizzle
25,11.1,2.1,sun
26.7,12.8,3.8,sun
28.3,14.4,2.8,rain
25,12.8,2,rain
23.9,11.1,2.3,drizzle
27.8,13.3,2.9,fog
25.6,13.3,2.7,drizzle
23.3,13.9,2.2,rain
25,15,2.2,rain
18.9,13.3,3.8,rain
26.1,13.3,2.5,rain
21.7,15,2.6,sun
21.1,14.4,2.9,sun
25,14.4,2.2,sun
19.4,13.9,4,rain
23.9,13.9,2.3,sun
20.6,12.2,3.9,rain
18.9,11.1,3.3,rain
23.3,12.2,4.3,sun
26.7,12.8,2.6,sun
25.6,12.8,2.2,drizzle
18.9,13.9,2.8,drizzle
22.2,13.3,1.7,drizzle
22.8,15,2,sun
19.4,13.3,3,sun
22.8,13.9,2.8,sun
23.9,13.3,2.2,drizzle
23.3,12.2,2.5,sun
27.2,12.8,3.9,sun
33.9,16.7,3.7,sun
33.9,17.8,1.9,sun
28.3,15.6,2.5,rain
21.1,15,2.6,drizzle
22.2,15,3.1,sun
24.4,14.4,3.8,drizzle
25.6,12.2,2.3,sun
28.3,13.3,2.5,sun
30.6,15,3,sun
30.6,15,2.8,sun
28.9,13.9,2.8,sun
31.1,16.7,4.7,sun
34.4,18.3,2.8,sun
32.8,16.1,1.8,sun
21.7,14.4,3,drizzle
23.3,15,2.7,drizzle
25.6,15,1.9,sun
23.3,13.3,3,rain
22.2,13.3,2.3,sun
21.1,13.9,3.8,sun
22.2,10,3.3,sun
26.1,11.7,3.2,sun
21.1,12.2,3.4,sun
23.9,13.3,1.8,sun
22.8,12.2,3.2,sun
22.8,13.3,2.4,sun
22.8,12.8,1.9,sun
22.2,10.6,2.9,sun
21.7,10.6,2.1,sun
21.1,10,2,sun
22.8,12.8,3.3,sun
24.4,11.1,3.1,sun
26.1,11.7,2.6,sun
28.3,14.4,4.2,sun
32.2,13.3,3.1,sun
25,13.3,3,sun
18.9,13.9,5,rain
20,11.7,3.9,rain
20,8.9,4.2,sun
22.2,10,5.6,sun
27.8,11.7,3.6,sun
26.1,11.1,1.5,sun
22.2,11.1,1.9,sun
24.4,9.4,2.3,sun
27.8,11.7,2.2,fog
27.8,11.7,1.4,sun
23.9,11.7,1.9,drizzle
19.4,10,2.5,drizzle
16.1,12.8,2.1,drizzle
19.4,11.7,1.1,rain
19.4,10,1.4,fog
21.1,10,1.8,fog
19.4,11.1,1.7,sun
19.4,9.4,1.7,drizzle
22.8,10,1.7,drizzle
25,12.2,1.1,rain
20.6,12.2,4.3,sun
21.1,7.8,3.1,sun
23.3,8.9,3,sun
17.8,10,4.1,sun
18.9,7.8,7.3,sun
18.9,8.3,6.5,sun
21.7,8.9,5.7,sun
23.9,7.8,5.1,sun
23.9,7.8,1.3,sun
21.1,7.8,1.9,sun
16.1,8.9,1.6,drizzle
12.2,8.3,1.4,drizzle
13.9,7.2,1.3,drizzle
13.9,8.9,4.6,rain
15.6,12.2,3.9,rain
17.8,13.3,3.4,rain
17.2,11.1,4.6,rain
16.1,8.3,5.5,sun
14.4,6.1,1.6,sun
17.8,6.7,2,rain
15,9.4,5.3,rain
11.1,6.1,5.7,rain
11.7,4.4,2.7,rain
7.8,3.3,2.6,rain
11.1,5.6,3,rain
11.7,6.1,2.1,rain
11.7,6.7,1.5,sun
11.1,7.2,2.5,rain
14.4,9.4,5.1,rain
14.4,10,3.8,rain
15.6,10,4.9,rain
15,12.2,2.8,rain
15.6,11.1,2.7,rain
15,10.6,3,rain
15,10.6,1,rain
15.6,11.1,3.6,rain
17.8,12.8,3.8,rain
15,7.8,4,rain
12.8,6.7,3.5,rain
12.2,3.9,3.4,rain
10,1.1,3.4,rain
8.9,1.1,2,rain
7.8,-0.6,2.2,sun
8.9,1.1,3,rain
12.8,6.1,3,rain
11.1,7.8,2.5,rain
11.1,5,2.6,rain
9.4,2.8,2.4,drizzle
9.4,2.2,1.6,rain
12.2,6.1,5.3,rain
10,6.1,4.9,rain
13.3,8.3,6,rain
11.1,7.2,4.2,rain
8.3,3.9,5.5,rain
8.9,2.8,1.5,rain
9.4,6.1,2.4,rain
8.9,3.9,1.2,rain
8.3,1.1,3.6,drizzle
9.4,1.7,3.8,fog
10,1.7,1.5,sun
9.4,2.2,2.9,rain
12.8,7.8,4.2,rain
15,7.8,4.6,rain
13.3,8.3,5.5,rain
8.3,7.2,6.2,rain
9.4,7.2,4.4,rain
11.7,7.2,6.2,rain
8.9,4.4,5,rain
7.2,6.1,5.1,rain
7.8,3.3,4.6,rain
6.7,3.3,2,sun
6.7,2.8,2.1,rain
7.2,5.6,1.8,rain
7.8,5.6,4.5,rain
6.7,4.4,2,rain
7.2,3.3,2.8,rain
6.1,1.1,1.7,rain
4.4,0.6,5.1,snow
6.7,3.3,5.5,snow
8.3,1.7,9.5,rain
3.9,0.6,5.3,snow
8.3,1.7,5.8,snow
7.2,0.6,3.7,rain
8.3,-1.7,1.7,rain
8.3,3.9,3.5,rain
7.2,3.3,2.5,rain
5.6,2.8,2.8,rain
5.6,2.8,4.2,snow
6.7,3.3,4.9,rain
7.8,3.3,3.2,rain
8.3,3.9,1.7,rain
5,3.3,1.7,rain
4.4,0,1.8,drizzle
3.3,-1.1,2,drizzle
5,-2.8,2.7,sun
6.1,-1.1,3.2,sun
6.7,-1.7,3,rain
10,2.2,2.8,rain
6.7,4.4,3.1,rain
7.2,2.8,3,rain
10,4.4,7.3,rain
11.7,5.6,6.3,rain
10,1.7,5.1,rain
3.3,-0.6,2.1,snow
2.8,-2.8,1.9,drizzle
2.8,-3.9,2,sun
2.2,-4.4,1.5,sun
3.3,-2.2,1.3,sun
6.7,-0.6,2.3,sun
6.1,-3.9,1.8,drizzle
3.9,-2.8,1,drizzle
3.3,-1.1,1.3,drizzle
1.1,-0.6,1.9,drizzle
3.3,-0.6,2.1,drizzle
2.2,-1.7,1.1,drizzle
3.3,-1.7,0.6,drizzle
7.2,2.2,3.1,rain
7.2,1.1,2.6,rain
10.6,2.8,2.1,rain
8.3,3.9,4.5,rain
5.6,3.9,4.5,rain
6.1,3.3,3.2,rain
8.3,5,3.9,rain
8.9,6.7,3.9,rain
9.4,7.2,4,rain
11.7,5,2.9,rain
6.1,2.8,2,drizzle
8.9,2.8,2.9,rain
10.6,6.7,2.6,rain
10,6.7,5.1,rain
10.6,6.1,4.5,rain
9.4,3.3,4.1,rain
7.8,2.2,1.3,sun
8.3,4.4,1.3,rain
8.9,1.7,2,drizzle
8.3,4.4,1.4,rain
11.1,7.2,5.6,rain
9.4,7.2,4.1,rain
9.4,5.6,2.2,rain
13.3,5,2.4,drizzle
11.1,3.9,5.6,rain
9.4,4.4,3.4,rain
7.8,3.9,1.9,rain
10.6,1.7,3.4,sun
7.8,1.1,2.1,rain
6.7,3.9,6.2,rain
7.8,3.9,8.1,rain
10,3.9,4.6,rain
8.9,5,5.5,rain
10.6,3.3,7.1,rain
8.9,3.9,3.8,rain
10,4.4,1.8,rain
11.7,6.7,3.8,rain
15,11.1,5.4,rain
13.9,5,4.5,rain
11.1,2.2,2.8,sun
13.3,0,3.9,sun
9.4,6.1,2.4,rain
7.2,5,4.1,rain
12.2,5,2.5,rain
11.7,2.2,2.6,drizzle
12.8,1.1,1.3,fog
7.8,3.9,1.6,rain
10.6,6.1,1.1,rain
12.8,10,5.7,rain
11.7,9.4,3.7,rain
11.7,9.4,3,rain
14.4,8.9,4.3,rain
10.6,4.4,6.4,rain
8.9,3.9,6.1,sun
11.7,3.9,5.9,rain
12.8,1.7,3.4,rain
11.1,4.4,7.6,rain
10,2.2,4.9,snow
9.4,0.6,2.2,sun
10,1.1,2.6,sun
12.2,0.6,2.1,sun
16.7,4.4,2.8,sun
16.7,6.1,1.7,sun
13.3,7.2,1.6,rain
16.1,8.3,1.3,rain
18.3,7.8,2.5,rain
20,5.6,4.4,drizzle
20.6,6.7,2.9,sun
17.2,8.3,3.6,sun
13.9,8.9,2.2,sun
16.7,7.8,1.6,sun
14.4,10,3,rain
13.9,10,5.6,rain
12.2,7.2,5,rain
8.3,5,3.9,rain
13.3,6.1,3.1,rain
12.2,6.1,2.4,sun
15,8.9,6.4,rain
12.2,6.7,3.8,rain
7.8,4.4,4.6,rain
10.6,3.3,5.7,rain
12.8,4.4,2.3,rain
13.9,4.4,2.4,fog
13.9,3.3,2.6,rain
15,3.9,3.3,drizzle
11.7,6.7,4,rain
13.3,9.4,4.9,rain
13.9,8.3,5.8,sun
12.2,6.7,4.1,rain
16.1,5,4.3,sun
17.8,3.9,2.8,sun
21.1,6.1,3,sun
21.7,6.7,1.1,sun
20.6,8.3,2.2,fog
13.9,10.6,5.9,sun
15,9.4,5.2,rain
13.9,6.7,4.2,rain
12.8,4.4,2.4,sun
18.3,3.3,3.1,sun
20.6,6.7,4,sun
21.7,9.4,4.9,sun
25,11.1,6.5,sun
28.9,11.7,5.3,sun
30.6,12.2,2,sun
20.6,11.1,3.3,sun
19.4,11.1,1.9,sun
22.8,10,1.3,sun
26.1,9.4,1,sun
27.2,12.2,2.6,sun
21.7,13.9,3.9,rain
18.9,9.4,5,rain
18.3,7.8,2.4,sun
17.2,8.9,2.3,rain
21.7,12.2,2.7,fog
17.2,11.7,3.7,rain
16.7,11.1,2.9,sun
18.3,10.6,2.3,sun
19.4,9.4,1.8,sun
15.6,8.3,4.8,rain
11.1,7.2,3,rain
12.2,6.7,1.9,rain
16.7,8.9,2.7,rain
17.8,10,2.7,sun
18.3,10.6,2.2,rain
16.7,11.1,3.1,rain
17.2,11.7,2.8,rain
16.1,9.4,4,rain
16.7,9.4,5.3,sun
19.4,11.1,2.5,sun
22.8,12.2,2.5,sun
20.6,12.2,3.1,rain
22.2,11.1,2.9,sun
26.1,12.2,3.4,sun
26.7,14.4,3.1,sun
26.7,12.2,2.5,sun
21.7,13.3,3.2,sun
20.6,12.8,3.1,sun
20.6,11.1,3.7,sun
21.7,11.7,3.2,sun
20,10,5.7,sun
20.6,11.7,4.2,rain
21.1,11.7,2.6,sun
20,12.2,3.7,sun
25.6,10,2.9,sun
23.9,12.8,3.4,sun
25.6,13.9,3,sun
23.3,13.3,3.4,rain
20,12.8,3.7,sun
17.2,12.8,5,rain
20.6,12.2,1.5,rain
25.6,11.7,1.7,sun
22.2,15,2.1,rain
21.1,13.9,3.7,rain
23.3,14.4,2.8,rain
22.2,15,2.3,rain
21.1,16.7,1.3,rain
30.6,16.1,2.2,sun
30,18.3,1.7,sun
33.9,17.2,2.5,sun
31.7,18.3,2.3,sun
28.3,15.6,3,sun
26.1,16.7,3.2,sun
21.7,13.9,2.2,fog
23.3,13.9,2.6,sun
26.1,13.3,2.2,sun
23.9,13.9,2.9,sun
26.7,13.3,2.8,sun
30,15,2.5,sun
22.2,13.9,2.6,sun
22.8,12.2,3,sun
19.4,13.3,2.2,sun
26.1,11.1,3.1,sun
27.8,12.8,3,sun
27.8,14.4,4.6,sun
31.1,18.3,4.1,sun
22.2,15,3.7,sun
26.1,13.9,2,sun
27.8,13.3,1.9,sun
25,13.3,2,sun
23.9,12.8,2.3,sun
26.1,13.3,2.4,fog
31.1,13.9,3,sun
31.1,14.4,2.5,sun
31.1,12.8,2.3,sun
31.1,14.4,2.9,sun
25.6,12.8,2.6,sun
21.1,12.2,3.4,fog
25,13.3,1.4,sun
25,13.3,2.8,sun
21.7,13.3,1.8,sun
20.6,13.3,3.9,sun
17.2,15,2,rain
25,15.6,2.4,fog
28.9,15,3.4,sun
30,15,2.1,sun
30.6,13.9,1.4,sun
31.1,13.9,1.9,sun
28.3,14.4,2.5,sun
28.3,14.4,2.1,sun
25.6,15,2.9,rain
25,14.4,2.9,sun
25.6,16.1,1.9,sun
27.8,15,1.8,sun
27.2,15,2,rain
21.1,17.2,1,rain
28.9,16.1,2.2,fog
25.6,17.2,3,sun
26.1,15.6,3.1,sun
26.7,15.6,3,sun
25.6,16.1,4.6,sun
27.8,15,4.3,sun
28.9,15,1.9,sun
25,16.1,4.1,sun
25,16.7,2.7,sun
22.2,16.1,2.6,rain
24.4,16.1,1.9,rain
26.7,17.2,1.4,rain
26.7,15.6,1.3,rain
23.9,18.3,3,rain
26.1,16.1,2.9,sun
27.8,13.9,2.6,sun
27.8,15.6,2.5,sun
27.8,17.2,2.1,sun
25,16.7,1.7,rain
22.8,16.1,2.4,rain
20,15.6,2.5,rain
21.7,16.1,2.6,rain
23.3,17.2,2,sun
26.7,14.4,1.5,fog
26.1,13.9,2.1,sun
26.7,15,3.7,sun
33.9,16.1,2.4,sun
25.6,15,1.7,sun
18.9,15.6,2,sun
21.7,15.6,1.4,fog
18.9,14.4,2.2,rain
21.7,15,4.3,rain
17.8,13.9,2.3,sun
21.1,13.3,2.5,sun
25.6,10,1.5,sun
23.3,13.3,3,rain
21.1,13.3,2.5,sun
17.2,13.3,5.5,rain
16.1,11.1,4.5,rain
17.8,10,2.6,sun
16.1,9.4,3,rain
17.2,7.2,2.2,sun
13.9,10.6,4.3,rain
16.7,11.7,6,rain
14.4,11.1,7.1,rain
13.9,10,6.3,rain
14.4,8.9,4.7,rain
12.8,9.4,2.4,rain
14.4,8.9,0.9,rain
17.8,5.6,1.1,sun
20,8.3,1.6,sun
22.8,7.8,2.6,rain
16.1,11.7,6.3,rain
13.9,7.8,3,rain
15,5.6,1.6,sun
14.4,8.3,1.7,rain
13.9,10.6,1,rain
14.4,8.9,2.2,rain
15,6.7,1.8,fog
15.6,3.9,1.6,sun
15.6,5,0.9,sun
12.8,8.9,2.7,fog
14.4,8.9,1.7,fog
12.8,7.2,1.2,sun
10.6,7.8,1.4,sun
10.6,7.8,2.4,sun
11.7,8.3,2.5,sun
14.4,7.2,1.9,sun
12.8,6.1,0.4,sun
10,6.1,0.6,sun
12.2,7.8,1.8,sun
11.7,8.3,2.7,sun
13.9,8.3,4.4,rain
14.4,7.2,5.1,sun
13.3,3.3,2.2,sun
15,5.6,3.9,rain
14.4,10.6,2.2,rain
17.8,11.7,1.4,rain
14.4,8.3,7.9,rain
12.2,4.4,2.4,rain
10.6,3.9,1.6,drizzle
13.3,7.2,3.1,rain
12.8,7.8,1.7,rain
11.1,10,7.2,rain
13.3,7.2,4.1,sun
11.1,5,1.4,rain
11.1,8.3,4.4,sun
16.1,6.1,2.6,fog
15.6,8.9,2.2,rain
13.9,10.6,3.8,sun
11.1,6.1,1.1,rain
10.6,7.2,6,rain
10,5,4.6,sun
11.7,7.2,5.4,rain
12.8,9.4,3.9,rain
13.3,4.4,5.1,rain
7.8,1.7,4.3,sun
7.8,-0.5,3.6,sun
9.4,0,4.6,sun
11.1,1.1,2.6,sun
11.7,0.6,0.9,fog
12.2,2.2,0.5,sun
12.2,2.8,1,sun
14.4,5.6,1.3,sun
11.7,3.3,0.7,sun
9.4,5,2.1,rain
11.1,7.2,3.9,rain
13.3,7.8,8.8,rain
7.8,1.7,3.5,rain
5,-0.5,5.6,sun
4.4,-2.1,1.6,sun
1.1,-4.9,2.6,sun
1.1,-4.3,4.7,sun
0,-7.1,3.1,sun
2.2,-6.6,2.2,sun
1.1,-4.9,1.3,sun
5.6,0.6,1.5,sun
5,-1.6,0.8,sun
5.6,-0.5,2.3,rain
9.4,5.6,2.9,rain
9.4,6.1,3.7,sun
11.7,8.3,3.9,rain
10,4.4,1,rain
8.3,4.4,2.7,sun
7.8,2.2,2.8,rain
5,0,2.1,sun
8.3,0.6,3.7,snow
8.9,5.6,2.3,rain
10.6,8.3,4,rain
11.7,6.1,5.9,rain
8.3,2.8,1.7,sun
6.7,1.7,0.8,sun
6.7,0.6,0.5,sun
8.9,0,2.1,rain
9.4,3.3,1.3,sun
7.2,1.7,1.1,sun
8.9,4.4,2.6,rain
8.3,5,1.7,rain
7.2,3.3,1.2,sun
10.6,6.1,3.2,rain
8.9,2.8,2.6,rain
7.8,0.6,2.7,fog
8.3,-0.5,3.7,sun
7.8,-0.5,2.6,rain
8.3,5,1.6,rain
10,7.2,4.6,rain
9.4,5.6,6.3,rain
12.8,8.3,7,rain
14.4,7.2,8.8,rain
11.1,5.6,8.1,rain
10.6,10,7.1,sun
11.1,7.2,1.3,sun
11.1,5.6,2.5,sun
6.7,4.4,2.7,sun
5.6,2.8,2.3,sun
9.4,0.6,2.2,sun
6.1,3.3,2.5,sun
10,2.8,2.2,sun
10,1.7,1.5,sun
9.4,5.6,2.6,rain
10,2.8,5.2,fog
12.8,1.1,1.9,sun
12.2,1.1,0.8,sun
8.3,0.6,1.3,sun
9.4,1.7,1.3,sun
11.1,6.1,1.6,rain
11.1,7.2,3.4,rain
8.3,6.1,6.4,sun
7.8,5.6,2.6,rain
7.8,2.8,0.8,rain
8.9,1.1,2.5,sun
5,0,4.3,sun
2.8,-2.1,4.7,sun
-0.5,-5.5,6.6,sun
-1.6,-6,4.5,sun
3.3,-4.9,4.2,sun
5.6,-0.5,4.6,snow
3.9,0,2.4,rain
10,2.2,4.7,rain
12.2,5.6,3.8,rain
12.2,7.2,6.4,rain
12.8,7.8,6.3,rain
11.7,6.1,6.4,rain
11.1,5,5.1,rain
9.4,3.9,7.9,rain
8.3,4.4,5.5,rain
8.9,5,6.2,rain
8.3,3.9,6,rain
10,5.6,6.9,rain
6.7,3.9,2.9,rain
5.6,2.8,3.1,rain
7.2,3.9,2.6,rain
6.7,3.3,3.2,rain
12.2,3.9,4.5,rain
13.9,5.6,2.5,sun
12.8,4.4,2.3,sun
14.4,4.4,5.9,sun
7.2,4.4,4.7,rain
11.1,2.8,5.7,rain
14.4,8.9,5.1,rain
13.9,7.8,3.9,rain
15.6,10.6,3.9,rain
13.3,10,6.2,rain
15.6,8.9,4.2,sun
12.8,6.7,2.7,rain
15,9.4,4.3,rain
12.2,6.1,2.2,rain
14.4,4.4,2.3,fog
16.1,3.3,1.9,fog
13.9,5,2.5,rain
14.4,8.3,6.1,rain
16.7,4.4,3,rain
10.6,4.4,3.8,rain
10,2.8,3.2,rain
10,3.3,1.6,sun
11.1,3.3,5.1,rain
11.1,1.7,3,sun
10.6,2.8,3.8,sun
11.1,1.1,1.8,sun
12.8,4.4,3.3,sun
18.9,2.8,2.2,sun
13.9,6.7,4.4,rain
11.1,5.6,2.4,rain
12.2,6.7,2.8,rain
11.7,7.2,3.9,rain
11.7,7.2,5.1,rain
11.1,5,5.1,sun
15.6,2.2,3.8,sun
14.4,6.7,2.8,sun
14.4,5.6,4.2,sun
13.3,6.1,3.9,rain
12.8,6.1,4.7,sun
11.7,7.8,4.3,rain
13.9,8.3,2.6,sun
21.1,9.4,2.5,sun
15.6,8.3,4.2,rain
14.4,6.7,2.9,sun
15,6.7,3.6,sun
17.2,5,2.8,sun
16.1,7.8,4.4,sun
20.6,5.6,3.1,sun
20,5.6,2.6,sun
14.4,7.8,4,rain
11.1,8.9,4.6,rain
11.7,7.2,4.7,rain
14.4,5.6,3.8,sun
11.7,5.6,4.7,rain
15.6,5.6,2.7,sun
17.2,7.8,2.5,rain
12.2,5,4.2,rain
11.7,6.1,5,rain
13.9,6.1,5.3,rain
14.4,5.6,2.3,sun
15,5.6,3.9,rain
11.1,6.1,5.8,rain
16.1,4.4,2.6,sun
25,9.4,2.3,sun
27.8,9.4,3.9,sun
29.4,11.1,3,sun
18.3,10.6,4.7,sun
15,8.9,3.4,rain
14.4,8.9,4.2,rain
15.6,9.4,3.8,rain
16.7,8.3,2.6,sun
18.3,7.2,1.7,sun
13.9,9.4,3.4,rain
13.3,7.2,5.6,rain
15.6,7.2,2.1,rain
18.9,8.3,1.7,sun
24.4,9.4,2.7,sun
26.7,12.8,3.8,sun
27.8,13.3,3.3,sun
26.7,12.8,3,sun
20,11.7,4.1,sun
20,11.7,3.2,sun
20,10.6,3.2,sun
21.1,10,2.2,sun
22.2,10,2.7,sun
20,10.6,1.7,sun
24.4,11.7,2.5,sun
20,12.8,4,rain
18.3,11.1,2.4,sun
15,10.6,1.4,rain
18.3,11.1,4.5,sun
20,10,2.5,sun
18.9,10,3.4,sun
18.9,11.1,4.3,sun
20.6,8.9,4.5,sun
23.3,10,2.2,sun
22.2,10.6,2.3,sun
23.3,11.1,2.4,sun
18.3,11.1,3.2,sun
19.4,10,2.6,sun
22.2,10,2.4,sun
25,10.6,3.2,sun
24.4,13.3,3.1,sun
23.3,12.2,2.1,sun
21.1,13.3,3.6,sun
20,12.2,2.9,sun
23.9,11.1,2.7,sun
21.7,12.2,4,rain
15.6,11.1,5,rain
17.8,11.7,3.2,sun
18.3,10,3.6,rain
17.8,8.9,2.4,rain
17.8,10,3,rain
18.9,11.1,2.7,sun
25.6,11.7,3.7,rain
20,10,3.4,rain
22.2,10.6,3.6,sun
25,11.1,2.7,sun
25,13.3,2.5,sun
24.4,14.4,2.5,sun
26.1,13.9,2.4,sun
21.1,14.4,4.1,sun
21.1,13.9,4.5,rain
20,13.3,4.3,rain
20.6,12.8,3.2,sun
25.6,12.8,4.4,sun
34.4,15.6,3.5,sun
27.2,14.4,3.6,sun
21.7,13.9,3.1,sun
23.9,13.9,3.6,sun
24.4,13.3,2.2,fog
28.9,15,3,sun
27.2,17.8,4.1,fog
30,15.6,3.5,sun
26.7,13.9,2.3,sun
28.9,12.8,2.2,fog
31.1,15,2.2,sun
32.2,16.7,2.2,sun
29.4,15,2.6,sun
27.8,15,2.8,sun
31.1,13.9,2.3,sun
31.1,14.4,2.4,sun
26.7,13.9,3.7,sun
23.9,11.7,2.8,sun
25.6,15,5.4,fog
19.4,14.4,2.8,sun
23.9,13.3,2.2,sun
21.1,13.3,1.1,rain
18.9,13.3,3.3,rain
20.6,12.8,4.7,sun
22.8,12.2,2.7,sun
26.1,13.3,3.6,sun
28.3,15,4.1,sun
30.6,15,3.7,sun
30,15.6,2.8,sun
29.4,14.4,3.4,sun
30.6,17.8,4.1,sun
28.9,15,3.3,sun
29.4,15.6,1.7,rain
31.7,14.4,2.6,sun
32.8,16.1,2.6,sun
25,13.9,2.7,sun
26.1,15,2.2,fog
25.6,13.3,2.4,fog
25.6,13.3,2.9,sun
27.2,15.6,4.1,sun
30.6,13.9,3.4,sun
35.6,17.8,2.6,rain
27.2,17.2,3.1,rain
23.3,15,2.7,rain
21.1,17.2,0.6,sun
24.4,16.7,1.5,rain
25.6,15.6,2.2,sun
27.8,15,2.8,sun
29.4,15.6,3.3,sun
27.2,15.6,2.4,sun
21.7,13.9,3.6,sun
21.1,11.1,1.7,sun
23.9,13.3,2.9,sun
27.8,13.9,2,sun
25,13.3,2.3,sun
28.9,14.4,2,sun
31.1,15.6,1.8,sun
28.9,16.1,1.6,sun
23.3,14.4,2.3,sun
22.8,15,3.4,sun
17.8,15,2.2,rain
21.1,13.9,1.9,rain
23.3,12.8,2.5,sun
20,13.9,4.3,rain
20.6,12.8,2.7,sun
23.9,11.1,3.1,fog
27.8,13.9,6.5,fog
32.2,15,2.9,sun
28.3,13.3,2.1,sun
21.1,13.3,2.8,sun
21.7,13.3,2.3,sun
22.2,12.2,3.9,sun
24.4,12.8,5.3,sun
24.4,12.8,5.9,sun
28.3,10,4.2,sun
30,11.7,1.8,sun
30.6,12.2,1.2,sun
22.2,13.9,2.8,sun
22.8,14.4,2.3,rain
19.4,15,3.1,rain
23.9,16.1,2.8,sun
24.4,14.4,4.4,fog
26.1,12.8,3,sun
22.2,15,2.1,rain
18.9,14.4,2.5,rain
18.9,14.4,2.7,rain
21.7,14.4,2.5,rain
20,13.9,3.3,rain
20.6,11.7,3.2,fog
18.9,12.2,2,fog
16.7,11.1,3.5,rain
19.4,12.2,2.6,sun
18.3,11.1,2.1,sun
19.4,10,2,sun
22.2,8.9,1,sun
21.7,12.2,1.2,sun
23.9,11.7,1.4,fog
25.6,13.3,2.5,fog
18.9,13.9,1,fog
20.6,12.8,1.8,fog
17.2,11.1,1,fog
18.3,10,3.8,rain
18.3,11.7,3.5,rain
17.8,11.7,2.1,sun
21.1,10,3.1,rain
16.7,11.7,2.2,rain
16.1,11.7,4.7,rain
20.6,11.1,3.3,sun
16.7,11.7,3,rain
19.4,13.9,1.9,rain
22.2,12.8,3.2,sun
16.1,12.2,3.1,rain
16.1,11.7,4.7,rain
15.6,11.7,5,rain
14.4,8.3,4.6,rain
14.4,8.9,3.2,rain
16.7,8.3,5.4,rain
12.8,7.8,5,rain
15.6,6.7,2.4,rain
15,9.4,3.9,rain
16.7,11.7,3.1,rain
15.6,11.1,3.2,rain
12.8,8.3,2,rain
11.1,7.2,1.2,fog
13.3,7.2,2.9,rain
13.9,11.1,4.8,rain
14.4,10.6,3.3,rain
15,10.6,2.1,rain
16.7,10.6,6.7,rain
14.4,7.2,2.3,sun
12.8,3.9,0.8,fog
13.3,7.8,3,rain
11.1,5.6,3.9,sun
7.8,1.1,7.7,sun
6.7,0,7.6,sun
7.2,0.6,4.7,sun
7.2,-2.1,4.5,sun
8.3,-1.6,4.2,sun
9.4,-2.1,4.2,sun
10.6,-2.1,1.9,sun
7.2,-0.5,0.9,sun
11.1,2.2,1.9,sun
11.1,5.6,2.1,rain
11.1,8.3,4.7,rain
9.4,6.7,4.7,rain
12.8,5.6,5.1,rain
11.7,4.4,3.8,rain
13.9,9.4,4.5,rain
15,12.2,3.9,rain
14.4,11.7,6.6,rain
12.8,3.3,5.8,rain
4.4,-4.3,5.3,snow
2.8,-4.9,4.4,sun
4.4,-3.2,2.2,sun
5.6,-3.2,5.7,fog
10,0,3.6,sun
8.3,3.9,1.1,rain
12.8,6.7,3.1,rain
11.7,7.8,3.6,rain
14.4,6.1,2.8,sun
14.4,8.9,4.2,rain
16.1,10.6,5.1,rain
18.9,10,6.7,rain
14.4,8.3,6.4,rain
11.1,7.2,3.7,sun
10,3.9,1.1,fog
12.8,1.7,3.5,fog
12.2,6.7,5.9,sun
10,8.3,4,sun
8.9,6.1,1.6,rain
9.4,6.7,3.1,rain
11.1,7.2,4.3,rain
12.8,6.7,5.5,rain
12.8,10,5.2,sun
10.6,6.1,1.5,sun
12.2,5,3.8,rain
7.2,3.9,1.8,rain
7.8,2.8,2.2,fog
5.6,1.7,1.2,fog
9.4,4.4,4.9,rain
6.7,2.8,1.8,rain
6.1,0.6,4.3,fog
3.3,-2.1,3.6,sun
3.3,-2.7,3,sun
5.6,-3.2,1.2,sun
5.6,0,2.3,rain
5,1.7,1.7,fog
10.6,3.3,4.5,rain
12.2,9.4,6.4,rain
12.2,6.1,1.3,fog
7.8,5.6,1.6,fog
7.8,1.7,2.6,fog
10,3.3,0.6,rain
7.8,6.1,0.5,rain
9.4,7.2,1.1,rain
11.1,4.4,1.6,fog
9.4,2.8,2.7,fog
6.1,0.6,2.8,fog
7.8,1.1,3.2,rain
11.7,5.6,4.5,fog
13.3,3.3,2.8,rain
13.9,7.2,6.6,rain
10,6.1,2.8,rain
10,3.3,3,fog
7.2,-0.5,1.3,fog
9.4,6.1,1.3,rain
12.2,8.3,2.6,rain
14.4,11.1,3.3,rain
17.2,7.2,1.4,fog
16.1,6.1,2.2,fog
11.1,8.3,2,rain
12.2,5,1.8,fog
12.2,3.3,2.9,sun
8.3,1.1,0.8,fog
7.2,3.3,1.9,fog
9.4,4.4,2.6,rain
11.1,5,4,rain
10,5.6,1.9,rain
10.6,4.4,1.7,rain
13.3,8.3,4.6,rain
14.4,10,4.5,rain
12.2,9.4,4.6,rain
15,8.3,3.9,rain
13.3,8.3,2.5,rain
12.8,8.3,4,rain
12.8,5.6,1,fog
16.7,9.4,2.1,rain
15.6,6.7,1.7,fog
14.4,6.7,2.9,rain
12.2,3.9,4.8,sun
15,5.6,6.6,fog
16.1,4.4,4,sun
12.2,4.4,2.6,sun
10.6,8.3,2.2,rain
11.1,7.2,0.9,rain
12.2,5.6,4.5,sun
11.7,3.3,4.2,sun
12.8,0.6,1.4,sun
11.1,2.2,1.5,sun
10,6.7,1,rain
11.7,7.8,1.4,rain
10,6.7,4,rain
12.2,3.3,5.1,sun
11.1,1.1,2.2,sun
11.1,4.4,4.8,sun
10.6,0,2.1,sun
12.8,-0.5,1.8,sun
13.3,2.8,1.3,sun
15,3.3,1.4,sun
16.7,3.9,2.7,fog
17.2,3.9,1.7,fog
14.4,4.4,1.8,fog
13.3,5,2.6,rain
14.4,8.9,3.1,rain
17.8,9.4,3.2,sun
17.2,7.8,2.2,rain
13.9,9.4,3.8,rain
10.6,6.1,4.2,rain
13.9,6.1,3,rain
13.3,4.4,2.6,rain
15.6,7.2,2.5,sun
15.6,8.3,1.9,sun
13.9,8.9,1.9,rain
13.3,8.3,4.7,rain
11.7,6.1,2.3,rain
11.1,5.6,2.8,rain
12.8,6.1,3.9,rain
14.4,7.2,4.4,rain
20.6,10,2.2,sun
18.3,8.9,4,rain
15.6,9.4,5.7,sun
15.6,8.9,3,sun
17.8,10.6,2.9,rain
12.8,6.1,4.2,rain
12.8,5.6,3.2,rain
13.3,5.6,2.4,sun
11.1,5,3.6,rain
12.8,3.9,1.7,sun
16.7,2.8,2.4,sun
13.9,6.7,3.5,rain
14.4,6.7,3.9,rain
17.2,6.1,1.7,sun
17.2,6.1,2.3,sun
13.9,7.8,4.6,rain
11.7,5.6,6.5,sun
13.3,5.6,3.6,sun
11.7,3.9,3.6,rain
11.7,2.8,3.3,rain
13.9,3.3,2.4,sun
17.8,3.9,3.1,sun
18.9,6.1,3.6,sun
18.9,8.3,3.9,sun
21.1,8.3,3.6,sun
22.8,7.8,2.6,sun
17.2,6.7,3.4,rain
15.6,5,2.3,sun
12.2,6.7,4.1,rain
12.2,6.1,5,rain
13.3,5.6,3,rain
15.6,4.4,2.7,fog
25,10.6,2.3,rain
15.6,8.9,4.3,rain
16.1,7.2,4.7,sun
17.2,7.8,2.1,sun
18.3,8.9,3.7,sun
18.3,7.8,3.7,sun
20.6,7.8,2.6,sun
17.2,7.2,5.2,sun
14.4,7.2,5.1,rain
16.7,7.2,2.6,fog
20.6,6.1,3,sun
23.9,8.3,3,sun
26.7,9.4,2.6,sun
19.4,11.1,2.8,sun
13.9,10,2.5,fog
15.6,10.6,3.3,rain
12.2,10,2.8,rain
17.8,9.4,2,rain
20,9.4,2.8,fog
15.6,11.1,3,sun
19.4,10.6,2.1,sun
25.6,12.2,3,sun
21.7,11.7,2.6,sun
23.3,10.6,1.8,fog
25.6,11.7,2.1,sun
16.7,11.7,3.7,sun
16.1,11.7,2.6,sun
17.8,11.1,2.7,sun
15.6,11.1,2.7,sun
21.7,11.7,2.1,sun
24.4,11.7,1.8,sun
27.8,12.2,2.1,sun
26.1,12.8,2.5,sun
22.8,10,2.5,sun
25,11.7,2.2,sun
16.1,11.7,3.4,rain
17.8,12.8,5,rain
20,11.7,3,sun
22.8,11.7,3.9,sun
26.7,12.8,4.3,sun
29.4,13.3,2.6,sun
31.1,15.6,3.2,sun
30.6,14.4,3.5,sun
28.9,14.4,2.7,sun
25.6,11.1,3,sun
24.4,11.1,3.5,sun
20,11.7,2.3,sun
23.9,9.4,2.6,sun
27.8,11.7,3.7,sun
30,16.1,3.5,drizzle
22.8,11.1,3,sun
25,11.1,3.1,sun
24.4,13.9,3,sun
23.9,13.3,3.2,rain
25,12.8,4.3,sun
25.6,13.9,3.4,sun
25,12.8,2.4,sun
26.1,11.7,2.4,sun
25.6,16.1,2.6,sun
30.6,15.6,3,sun
31.7,17.8,4.7,sun
33.3,17.2,3.9,sun
28.3,18.3,2.1,rain
28.9,17.2,2.7,sun
30.6,15,3.4,fog
32.2,17.2,4.3,sun
33.9,17.8,3.4,sun
33.3,17.8,2.6,sun
33.3,15,2.9,sun
32.8,16.7,2.1,sun
29.4,15.6,3.2,drizzle
27.2,13.9,2.4,sun
30,14.4,1.9,drizzle
28.9,14.4,3.4,sun
21.1,16.7,3.7,sun
22.2,16.7,3,sun
26.1,16.7,2.2,sun
25.6,16.1,3.1,sun
27.8,16.1,3.3,sun
26.1,14.4,3.2,sun
26.1,15,2.8,sun
27.8,13.9,3.3,sun
33.3,17.8,3.4,sun
35,17.2,3.3,sun
26.7,16.7,3.9,sun
23.9,15,2.4,sun
23.9,13.9,2.8,sun
26.1,14.4,1.9,sun
22.8,13.3,3.8,rain
21.1,14.4,2.4,fog
22.2,13.9,2.6,rain
23.3,12.2,1.9,fog
27.8,13.9,3.4,sun
32.2,14.4,3.8,sun
34.4,17.2,3.5,sun
34.4,17.8,2.6,sun
33.3,15.6,3.1,sun
30.6,16.1,2,sun
28.3,17.2,2.3,sun
26.1,14.4,2.6,fog
23.3,12.2,3.5,sun
25,15,2.9,sun
28.3,15.6,3.7,sun
25,15.6,3.6,fog
28.3,15,2.2,sun
28.9,16.1,2.4,sun
30,16.7,4.4,sun
28.3,16.7,2.7,rain
28.3,15.6,2.2,sun
18.3,15,5.2,rain
21.7,13.9,3.7,sun
25,14.4,3.7,sun
27.2,13.9,3,sun
30,15,3,sun
31.7,16.1,2.1,drizzle
22.8,14.4,4.2,rain
22.2,14.4,2.6,sun
26.7,12.2,2.5,drizzle
27.8,13.9,1.8,drizzle
23.9,12.2,2.3,sun
25.6,12.2,3.4,sun
28.3,13.9,1.7,sun
29.4,14.4,2.1,sun
23.3,15.6,2.6,rain
22.2,13.3,5.8,rain
20,12.8,4.7,rain
18.9,16.1,5.8,sun
19.4,13.9,5,rain
19.4,11.1,3.8,sun
18.3,10.6,2.9,sun
18.3,10,2.9,sun
20.6,8.9,3.5,rain
16.1,11.7,2.4,rain
21.1,13.3,1.5,rain
22.8,13.3,2.4,sun
24.4,13.9,3.3,sun
25,14.4,3.6,fog
27.2,15,3.1,sun
26.7,14.4,2.1,sun
20.6,12.8,3,rain
16.7,10.6,3.4,sun
17.8,10,2.8,sun
20,10,1.9,rain
18.3,12.8,3.8,rain
19.4,12.8,2.6,sun
21.1,14.4,4.3,sun
22.8,12.2,6.8,rain
18.3,9.4,2.7,fog
18.9,7.8,2,sun
20.6,8.3,1.8,sun
22.2,11.1,2.5,fog
15.6,12.8,2.6,rain
18.3,10,2.7,sun
17.8,7.2,3.8,sun
21.1,9.4,5.1,sun
21.7,8.9,1.9,sun
18.3,10,1.3,fog
21.1,9.4,1.3,fog
15.6,10,2.9,fog
19.4,11.1,4.8,sun
22.8,10,3.7,sun
23.3,9.4,1.6,sun
18.3,10,2.6,drizzle
16.1,13.9,2.2,rain
18.9,13.3,1.1,fog
19.4,12.2,2.6,rain
21.1,13.3,4.7,rain
17.8,10.6,2.6,sun
18.3,10.6,2.8,rain
16.7,9.4,3.2,rain
15,10,5,fog
21.1,9.4,3.4,fog
20,8.9,1.3,sun
19.4,11.7,1.3,rain
15,12.8,2,rain
17.2,12.2,2.6,rain
17.8,10.6,1.8,fog
16.1,8.3,1.3,fog
16.1,8.9,2.7,fog
12.8,7.2,2.6,fog
15,8.9,2.9,fog
19.4,8.9,3.4,rain
12.2,10,4.6,rain
16.1,7.8,1.7,fog
13.9,11.1,2.8,rain
15,12.2,4.7,rain
17.2,11.7,6.7,rain
15.6,11.7,7.2,rain
12.2,8.9,6,rain
11.1,7.2,2.8,rain
10.6,5,1.4,rain
10,3.3,2.2,sun
11.7,7.8,2.3,rain
15.6,8.3,2.7,fog
12.2,9.4,3,rain
11.1,7.8,1.8,rain
10,5,1.3,rain
11.1,3.9,3.9,rain
11.1,6.1,4.6,rain
11.1,5,5.1,rain
13.3,9.4,6.5,rain
9.4,6.1,4.5,rain
8.9,2.2,4.1,rain
8.9,1.7,4,rain
13.3,6.7,8,rain
8.9,3.3,3.8,rain
8.9,2.8,4.2,rain
8.3,0.6,4,fog
8.9,0.6,4.7,sun
10,1.7,3.1,fog
6.7,0,1.3,rain
6.7,2.8,4.5,rain
7.2,0,5.7,sun
9.4,-1,4.3,sun
9.4,-1.6,3,sun
7.2,-2.7,1,sun
1.7,-2.1,0.9,fog
5.6,-3.8,1.7,rain
10,3.9,3.5,rain
10.6,4.4,5,rain
15.6,7.8,5.9,rain
10.6,6.1,4.7,rain
10,6.1,4,rain
12.8,7.2,5.9,rain
11.1,8.3,3.4,rain
15.6,10,6.2,rain
12.2,7.8,6.3,rain
11.7,6.1,7.5,rain
9.4,4.4,2.8,rain
8.9,5.6,5.6,rain
7.8,6.1,6.1,rain
7.8,1.7,1.7,sun
6.7,1.1,2.9,rain
6.1,2.8,2.3,rain
6.7,3.9,6,rain
8.9,4.4,5.1,rain
8.3,2.8,4.1,fog
7.8,4.4,6.7,rain
5.6,2.8,4.3,rain
7.8,2.8,5,rain
5,2.8,7.6,rain
5.6,2.2,4.3,rain
5,2.2,1.5,rain
4.4,0,2.5,sun
4.4,1.7,2.9,rain
5,1.7,1.3,rain
7.2,0.6,2.6,fog
5.6,-1,3.4,sun
5.6,-2.1,3.5,sun
